ic,traj,n_steps,loss,eta,pnorm,gnorm,rmse_T,bias_T,rmse_olw,bias_olw,rmse_slwd,bias_slwd
1,1,5,0.37608728,0.1,0.0,6.798781,0.10938092,-0.019691195,19.865934,-7.290308,25.684809,13.046944
1,2,5,0.4019873,0.1,0.0,7.1847873,0.126843,-0.012137203,20.555107,-7.7611,26.230812,13.564498
1,3,5,0.3695051,0.1,0.0,6.6259055,0.10585385,-0.01834145,19.624126,-7.1152115,26.071701,13.424063
1,4,5,0.40016672,0.1,0.0,6.823939,0.12697934,-0.012297014,20.54301,-7.278542,26.684399,13.740185
1,5,5,4.50891,0.1,0.4551085,54.65548,0.8106234,-0.10175172,73.91015,71.96029,51.827736,-46.90831
1,6,5,4.527596,0.1,0.4551085,54.733356,0.81130224,-0.092959285,74.11742,72.0852,51.519554,-46.566658
1,7,5,4.5356503,0.1,0.4551085,54.831608,0.80803615,-0.09494965,74.11152,72.15389,51.6931,-46.842407
1,8,5,4.5528884,0.1,0.4551085,54.89719,0.8125476,-0.09734128,74.150024,72.181274,51.51953,-46.4956
1,9,5,4.293845,0.1,0.4589522,50.7515,1.0235136,-0.3923358,68.52422,66.31932,71.813675,-68.31351
1,10,5,4.373069,0.1,0.4589522,51.261395,1.0293403,-0.39698616,69.25227,67.054794,71.76935,-68.28406
1,11,5,4.335703,0.1,0.4589522,50.967133,1.0131292,-0.38315308,68.9235,66.61749,71.81336,-68.331154
1,12,5,4.4125166,0.1,0.4589522,51.51408,1.0293423,-0.39794832,69.58908,67.38738,71.746086,-68.32378
1,13,5,1.7428461,0.1,0.3707746,26.285658,0.96067137,-0.46657524,38.912636,34.19187,66.66203,-62.938583
1,14,5,1.7795918,0.1,0.3707746,27.096197,0.9849279,-0.48537037,39.379036,35.192234,66.78119,-63.029396
1,15,5,1.7622068,0.1,0.3707746,26.556522,0.96140796,-0.4653314,39.328987,34.60942,66.782524,-62.96514
1,16,5,1.7951915,0.1,0.3707746,27.239986,0.98370063,-0.48612705,39.812965,35.527542,66.972855,-63.110252
1,17,5,0.62384576,0.1,0.2555985,10.278535,0.5993538,-0.27045166,22.526619,-10.941978,42.308434,-35.849064
1,18,5,0.5851513,0.1,0.2555985,9.725842,0.6190871,-0.29103112,21.343197,-10.229775,42.48348,-36.317204
1,19,5,0.62188566,0.1,0.2555985,10.344651,0.6020311,-0.27101454,22.383575,-11.106588,42.224773,-35.909527
1,20,5,0.5817883,0.1,0.2555985,9.771085,0.6192747,-0.28981417,21.117235,-10.430429,42.34851,-36.215584
1,21,5,0.952404,0.1,0.15736048,22.007914,0.28617886,0.042880926,33.591274,-27.318285,22.6607,3.7231548
1,22,5,0.9064469,0.1,0.15736048,21.563828,0.28030124,0.037841126,32.728867,-26.806423,22.546852,3.601171
1,23,5,0.9380531,0.1,0.15736048,21.821932,0.28702015,0.041303523,33.351852,-27.06538,22.830303,3.9357355
1,24,5,0.9136517,0.1,0.15736048,21.609417,0.27984166,0.03821981,32.901325,-26.756472,22.559954,3.758029
1,25,5,0.9418941,0.1,0.23990212,18.5587,0.58400065,0.31855574,29.485094,-22.232988,43.334175,36.985558
1,26,5,0.9379762,0.1,0.23990212,18.622232,0.58228385,0.31467375,29.397367,-22.258005,43.29519,36.884182
1,27,5,0.93044716,0.1,0.23990212,18.304039,0.5909044,0.3201787,29.189571,-21.868563,43.592667,37.203327
1,28,5,0.9398252,0.1,0.23990212,18.574646,0.589793,0.3187356,29.404587,-22.191744,43.449,37.14997
1,29,5,0.7190448,0.1,0.34142074,6.6770988,0.8215949,0.48390833,18.749166,-2.968343,57.182186,52.66202
1,30,5,0.7283422,0.1,0.34142074,6.9758196,0.8197985,0.48743242,19.12478,-3.7418704,56.92156,52.448273
1,31,5,0.7090099,0.1,0.34142074,6.686655,0.81259686,0.48361626,18.47507,-3.0343184,57.03302,52.538067
1,32,5,0.73105645,0.1,0.34142074,7.003371,0.8169545,0.4871525,19.12274,-3.7373805,57.261517,52.63179
1,33,5,0.77823716,0.1,0.30057293,15.620718,0.60127085,0.36389953,27.224865,20.820896,42.36022,35.944206
1,34,5,0.7785239,0.1,0.30057293,15.132866,0.61406976,0.3708151,27.34987,20.220793,41.91153,35.693714
1,35,5,0.77811766,0.1,0.30057293,15.809675,0.59732395,0.36259675,27.50957,21.129309,41.386005,35.452778
1,36,5,0.7784448,0.1,0.30057293,15.245998,0.61196387,0.37245056,27.488794,20.405506,41.710644,35.689285
1,37,5,0.8517233,0.1,0.23291035,20.309786,0.3334023,0.19589247,32.704685,27.610773,25.728264,14.04112
1,38,5,0.84495133,0.1,0.23291035,19.72978,0.34578934,0.20144434,32.503372,26.854702,26.17237,14.346748
1,39,5,0.838549,0.1,0.23291035,20.099688,0.3294853,0.19426085,32.271828,27.266739,26.258064,14.279512
1,40,5,0.8412685,0.1,0.23291035,19.665798,0.34404004,0.20205365,32.22204,26.686543,26.740461,14.609989
1,41,5,0.5525752,0.1,0.16139714,14.095734,0.18587656,0.017933203,26.322445,19.536575,23.673813,-7.0551124
1,42,5,0.5774633,0.1,0.16139714,14.086836,0.19223677,0.022800881,26.919825,19.543283,23.803387,-6.7816143
1,43,5,0.5640031,0.1,0.16139714,14.081548,0.18455586,0.019195644,26.651112,19.568283,23.552896,-7.074333
1,44,5,0.5629208,0.1,0.16139714,14.070196,0.19121371,0.02110632,26.725685,19.579727,23.013565,-7.1145635
1,45,5,0.37758017,0.1,0.14446864,2.7593129,0.33017543,-0.15087456,18.387053,0.68953264,33.13307,-24.993021
1,46,5,0.3775014,0.1,0.14446864,2.705915,0.34106076,-0.15659489,18.331934,1.1279614,33.213978,-24.7006
1,47,5,0.38383108,0.1,0.14446864,2.7635446,0.32902533,-0.14958356,18.6339,0.57309425,33.316414,-24.69065
1,48,5,0.37738496,0.1,0.14446864,2.7043493,0.34482738,-0.1600069,18.55583,1.317769,33.127987,-24.77209
1,49,5,0.5421032,0.1,0.13045442,12.541165,0.22770642,-0.09151896,24.211687,-14.908178,27.679163,-16.716513
1,50,5,0.4963296,0.1,0.13045442,11.882356,0.23688179,-0.10059476,23.04494,-14.159473,27.485022,-16.676758
1,51,5,0.5364889,0.1,0.13045442,12.641616,0.22663775,-0.09106194,24.190554,-14.988594,27.138027,-16.60133
1,52,5,0.4893226,0.1,0.13045442,11.721993,0.23843007,-0.10231195,22.910807,-13.91556,27.047127,-16.714632
1,53,5,0.548327,0.1,0.15317877,13.664596,0.13981275,-0.0056414315,25.265314,-16.51462,22.45139,-6.4937234
1,54,5,0.5057455,0.1,0.15317877,13.021767,0.12956652,-0.01362852,24.168709,-15.756662,22.69504,-6.660567
1,55,5,0.56022096,0.1,0.15317877,13.79781,0.14123149,-0.0060217855,25.588823,-16.644373,22.467527,-6.6271973
1,56,5,0.5146435,0.1,0.15317877,13.228523,0.12912475,-0.014532,24.451365,-16.008572,21.844477,-6.9549503
1,57,5,0.35262677,0.1,0.20334429,6.2982283,0.1848427,0.09409003,20.269032,-6.934326,21.174574,3.4291067
1,58,5,0.32305515,0.1,0.20334429,5.878173,0.166661,0.08629162,19.313581,-6.4117923,21.221218,3.2083108
1,59,5,0.34170336,0.1,0.20334429,6.1498666,0.18382657,0.092039764,19.965425,-6.7204714,21.428677,3.376466
1,60,5,0.31717053,0.1,0.20334429,5.8685427,0.16937116,0.08803894,19.259785,-6.3297157,21.303616,3.3207407
1,61,5,0.39500684,0.1,0.26422393,8.699663,0.30927297,0.1919171,21.93056,12.5100155,23.701908,11.474057
1,62,5,0.37916207,0.1,0.26422393,8.560712,0.30113143,0.18802562,21.442404,12.314685,23.605545,11.43875
1,63,5,0.38662246,0.1,0.26422393,8.636606,0.30416608,0.18877897,21.669184,12.392594,23.38832,11.413027
1,64,5,0.3756113,0.1,0.26422393,8.335237,0.3044709,0.19020575,21.299437,11.991177,23.080778,11.225793
1,65,5,0.53308916,0.1,0.298674,13.515058,0.38577408,0.24221843,25.32739,18.68549,25.395754,15.489259
1,66,5,0.5192631,0.1,0.298674,13.112626,0.39397657,0.2467931,24.981842,18.164986,25.23879,15.4841385
1,67,5,0.5310758,0.1,0.298674,13.759917,0.3776714,0.23949149,25.21834,18.948807,25.087034,15.508175
1,68,5,0.5169276,0.1,0.298674,13.079087,0.39910802,0.24816206,24.905952,18.084785,24.96835,15.558762
1,69,5,0.40977025,0.1,0.305294,10.228723,0.41580907,0.2576479,21.72218,14.260821,25.60693,16.669334
1,70,5,0.40308863,0.1,0.305294,9.413181,0.43749085,0.2685211,21.538692,13.210554,25.670925,16.75926
1,71,5,0.4009664,0.1,0.305294,10.070847,0.4190975,0.25746074,21.409983,14.019335,25.703161,16.760658
1,72,5,0.40500998,0.1,0.305294,9.359929,0.4328094,0.26498684,21.46606,13.090362,25.765045,16.923473
1,73,5,0.26460412,0.1,0.28519693,1.68756,0.38876015,0.22961724,16.791552,0.2927391,23.596243,13.860179
1,74,5,0.29122257,0.1,0.28519693,2.0305276,0.4107653,0.24128152,17.91175,-0.44815496,23.273834,13.76004
1,75,5,0.26884085,0.1,0.28519693,1.7211936,0.389705,0.22967574,17.277954,0.20906545,22.55397,13.2921915
1,76,5,0.29110143,0.1,0.28519693,1.9515392,0.40624434,0.23936106,18.211155,-0.24995653,22.473188,13.263692
1,77,5,0.29356357,0.1,0.21955222,6.276397,0.19770834,0.100767,18.930578,-6.8821826,18.37541,-3.989528
1,78,5,0.31397966,0.1,0.21955222,6.5354214,0.21238767,0.10624456,19.645103,-7.1586304,18.317598,-4.2062697
1,79,5,0.3023704,0.1,0.21955222,6.3548903,0.20010811,0.10186106,19.22934,-6.9338865,18.101433,-4.5214505
1,80,5,0.31135708,0.1,0.21955222,6.3148813,0.21004708,0.10476331,19.597538,-6.8857527,17.798258,-4.369219
2,1,7,0.33850744,0.07,0.19637011,5.548373,0.17507431,0.0106257545,18.301365,-5.572903,27.382607,-18.183304
2,2,7,0.34396887,0.07,0.19637011,5.6058903,0.19213343,0.016582709,18.541939,-5.5731707,27.581959,-18.151028
2,3,7,0.3481792,0.07,0.19637011,5.7617207,0.17899288,0.015393459,18.651329,-5.7248864,27.31102,-18.327627
2,4,7,0.3234902,0.07,0.19637011,5.06579,0.17905498,0.0118266195,17.821905,-4.8516026,27.074142,-18.187178
2,5,7,0.34331277,0.07,0.20272893,2.7161486,0.19842026,0.027527833,18.062698,2.9296646,30.109253,-22.603481
2,6,7,0.32382774,0.07,0.20272893,3.140529,0.18536876,0.015727695,17.419985,3.8496032,29.873068,-22.714008
2,7,7,0.3362647,0.07,0.20272893,2.8057415,0.20480566,0.025171762,18.020021,3.2556396,29.614439,-22.283108
2,8,7,0.32663304,0.07,0.20272893,2.886257,0.18431203,0.018460141,17.598722,3.359789,29.46004,-22.3973
2,9,7,0.31689364,0.07,0.23503102,5.2116356,0.288679,0.14546481,18.674454,7.6947756,24.822199,-15.61176
2,10,7,0.3169158,0.07,0.23503102,4.7902427,0.2920107,0.14765024,18.776342,7.1702194,24.53055,-15.56937
2,11,7,0.30488047,0.07,0.23503102,5.62342,0.2764084,0.14223808,18.42868,8.236808,24.220837,-15.548732
2,12,7,0.32468164,0.07,0.23503102,5.1596375,0.30713505,0.14866367,19.043018,7.6527724,24.23912,-15.420545
2,13,7,0.2577272,0.07,0.2849043,3.3742087,0.48834732,0.28020197,17.502405,5.4870563,19.135336,-6.0328093
2,14,7,0.2616037,0.07,0.2849043,3.0966978,0.5101138,0.29114044,17.6442,5.117174,18.901617,-5.7161016
2,15,7,0.25627607,0.07,0.2849043,2.907566,0.50024354,0.2831254,17.605955,4.9230814,18.44106,-5.9637733
2,16,7,0.2512314,0.07,0.2849043,3.5380507,0.4894722,0.28070852,17.542946,5.7741365,18.312696,-5.9389687
2,17,7,0.26776087,0.07,0.32390922,3.8899646,0.73671037,0.42075402,17.660587,-3.7231927,17.965202,5.167286
2,18,7,0.23521163,0.07,0.32390922,3.1684506,0.7042511,0.405327,16.501608,-2.8812792,17.564484,5.077291
2,19,7,0.25571075,0.07,0.32390922,3.79457,0.74036324,0.42502657,17.253006,-3.6588302,17.647255,5.2885666
2,20,7,0.24155897,0.07,0.32390922,3.7264156,0.7177993,0.4094207,16.767763,-3.5997276,17.172552,5.0634074
2,21,7,0.27766004,0.07,0.3449767,4.8616724,0.9258449,0.5281415,17.119165,-4.8780265,21.213442,13.341636
2,22,7,0.28939325,0.07,0.3449767,5.226492,0.9286285,0.527878,17.537495,-5.373116,20.873108,13.259148
2,23,7,0.25907055,0.07,0.3449767,4.4856925,0.8962301,0.5085477,16.486021,-4.472551,20.485868,13.071045
2,24,7,0.29092404,0.07,0.3449767,5.1359973,0.9263463,0.5316562,17.626713,-5.280689,20.648582,13.235369
2,25,7,0.2620167,0.07,0.34426254,2.0529962,0.9990405,0.5495971,16.142363,0.15848118,22.78327,16.498749
2,26,7,0.2759921,0.07,0.34426254,2.1073935,1.0132779,0.56462085,16.614075,0.026500663,23.027445,16.524689
2,27,7,0.27885574,0.07,0.34426254,2.1061368,1.0110552,0.55860513,16.71956,-0.02678272,22.921604,16.437096
2,28,7,0.27052182,0.07,0.34426254,1.9570101,1.0018629,0.55607826,16.411871,0.85842955,23.131548,16.622725
2,29,7,0.28025097,0.07,0.3019383,4.228873,0.8231394,0.41505155,18.213152,6.435349,17.929773,8.5963335
2,30,7,0.2628217,0.07,0.3019383,4.8552094,0.790944,0.39499706,17.677206,7.255058,17.558475,8.510438
2,31,7,0.27078077,0.07,0.3019383,4.27445,0.81643754,0.4143076,17.99869,6.5487676,17.647808,8.668653
2,32,7,0.2584397,0.07,0.3019383,4.425418,0.80299574,0.40169328,17.679123,6.7943373,17.418139,8.394085
2,33,7,0.24260646,0.07,0.27811086,3.9954116,0.58325446,0.21039248,17.474499,6.340829,15.624793,-1.8280686
2,34,7,0.23796177,0.07,0.27811086,3.5958335,0.5822377,0.21497484,17.274523,5.8043494,15.383918,-1.9948394
2,35,7,0.22813615,0.07,0.27811086,4.1114626,0.5652294,0.20320693,16.91055,6.437835,15.332214,-2.076472
2,36,7,0.2389674,0.07,0.27811086,3.3004746,0.58462566,0.22014837,17.301855,5.4257455,15.389886,-1.9645013
2,37,7,0.22257537,0.07,0.28939033,1.8449268,0.43239096,0.020799387,15.880738,-0.809968,18.466988,-11.070958
2,38,7,0.23548229,0.07,0.28939033,2.020082,0.44052425,0.031075528,16.498423,-1.025709,18.58758,-10.916276
2,39,7,0.22976813,0.07,0.28939033,2.1526115,0.43392676,0.028211802,16.236698,-1.2085073,18.784369,-11.1560135
2,40,7,0.21900266,0.07,0.28939033,1.7032585,0.42721567,0.02231488,15.775182,-0.5821021,18.842766,-10.999178
2,41,7,0.2403372,0.07,0.30814156,2.8508182,0.42222837,-0.020383678,16.435244,-2.2089229,19.549797,-12.259609
2,42,7,0.21967548,0.07,0.30814156,2.3438103,0.40878254,-0.0358973,15.596715,-1.5132126,19.502142,-12.328608
2,43,7,0.24310738,0.07,0.30814156,2.77589,0.42220736,-0.019975489,16.487766,-2.1585674,19.491581,-12.025992
2,44,7,0.23574665,0.07,0.30814156,2.6999223,0.41240588,-0.03041962,16.180922,-2.0016255,19.765491,-12.396258
2,45,7,0.2301867,0.07,0.32149962,1.515486,0.43915194,0.012029135,16.609999,2.7900457,18.303612,-8.60186
2,46,7,0.24058434,0.07,0.32149962,1.3770299,0.44712037,0.017046202,17.113138,2.6352398,18.501698,-8.6658945
2,47,7,0.2334034,0.07,0.32149962,1.8784738,0.43258762,0.003921928,16.90872,3.4453292,19.165634,-8.874816
2,48,7,0.25868654,0.07,0.32149962,1.3249418,0.4504759,0.01946397,17.950615,2.7195983,19.902933,-8.842012
2,49,7,0.23247892,0.07,0.34254214,1.1312621,0.5522842,0.12225355,17.103268,2.7143466,17.731628,0.4939429
2,50,7,0.2395505,0.07,0.34254214,0.92214346,0.56753784,0.13255207,17.261816,2.3804233,17.869783,0.90219086
2,51,7,0.23215026,0.07,0.34254214,0.90108997,0.569218,0.13106206,17.063667,2.3656285,17.665527,0.8736569
2,52,7,0.22708064,0.07,0.34254214,1.1597583,0.55801636,0.12426547,16.821987,2.6756916,17.779158,0.8350109
2,53,7,0.27750066,0.07,0.37183997,4.5816197,0.6425226,0.2001102,18.112568,-4.5897274,19.129923,6.405932
2,54,7,0.25249854,0.07,0.37183997,4.0361643,0.61913383,0.18505602,17.427046,-3.824157,19.036482,6.242581
2,55,7,0.2795282,0.07,0.37183997,4.6633167,0.63866675,0.19690745,18.513605,-4.5018167,19.394358,6.3692346
2,56,7,0.26351592,0.07,0.37183997,4.4144874,0.6280234,0.18866554,17.96804,-4.2003717,19.075737,6.404895
2,57,7,0.26897776,0.07,0.39713562,4.3330407,0.6608298,0.2276554,17.830996,-4.0086064,20.43766,9.693383
2,58,7,0.27289337,0.07,0.39713562,4.6276007,0.66848546,0.23128174,17.880379,-4.4392343,20.321596,9.8369465
2,59,7,0.25644183,0.07,0.39713562,4.1006756,0.652331,0.22231127,17.244703,-3.792649,20.309618,9.847219
2,60,7,0.28632784,0.07,0.39713562,4.7054076,0.67610925,0.23452304,18.308756,-4.500455,20.596434,10.093901
2,61,7,0.2412874,0.07,0.4165808,1.3827715,0.6253134,0.2157277,17.11287,2.297709,20.376484,9.438134
2,62,7,0.25170377,0.07,0.4165808,1.27673,0.6315309,0.22240488,17.460373,1.8967285,20.859938,9.571255
2,63,7,0.25363404,0.07,0.4165808,1.304867,0.6336445,0.21852647,17.477816,2.0655558,20.893396,9.450437
2,64,7,0.25760487,0.07,0.4165808,1.5102861,0.61646926,0.21405359,17.608503,2.550349,21.163256,9.621832
2,65,7,0.2651787,0.07,0.43517718,2.676487,0.46114415,0.10624304,18.67539,4.955988,18.972084,0.17475784
2,66,7,0.26005507,0.07,0.43517718,3.5069423,0.4401636,0.095542945,18.527105,6.011757,19.009256,0.20096564
2,67,7,0.27371812,0.07,0.43517718,3.0583768,0.45679998,0.10654352,19.010323,5.4649367,19.04903,0.32158005
2,68,7,0.2582035,0.07,0.43517718,3.2607663,0.44783574,0.10037731,18.479685,5.7140274,18.687971,0.037184898
2,69,7,0.25649607,0.07,0.4605004,1.0339459,0.3395651,0.0064203376,17.940683,2.0735252,21.22339,-9.317975
2,70,7,0.2683278,0.07,0.4605004,0.9710463,0.33943433,0.0051570227,18.446619,1.8971754,21.595366,-9.579111
2,71,7,0.25885096,0.07,0.4605004,1.2548656,0.33043867,-0.0010692904,18.208023,2.56879,21.874899,-9.775461
2,72,7,0.27762732,0.07,0.4605004,0.93058467,0.34206057,0.0040668,18.93841,1.9704732,22.2072,-9.701805
2,73,7,0.28088313,0.07,0.48503026,3.7821224,0.2852293,-0.025100732,18.671253,-3.2877648,21.875963,-8.806751
2,74,7,0.30015373,0.07,0.48503026,4.1532116,0.29419753,-0.01868587,19.178291,-3.7744195,22.103218,-8.707371
2,75,7,0.29686776,0.07,0.48503026,4.030466,0.2868336,-0.022543507,19.157492,-3.5665507,21.97281,-8.663357
2,76,7,0.2858811,0.07,0.48503026,3.755564,0.28487548,-0.023677316,18.843283,-3.231092,21.812822,-8.596149
2,77,7,0.29364026,0.07,0.5100445,3.481897,0.29201052,-0.004024785,19.121021,-2.9525898,21.031021,-5.762825
2,78,7,0.2678823,0.07,0.5100445,3.1048882,0.27602023,-0.013244925,18.298422,-2.5052633,20.85765,-5.870338
2,79,7,0.2817421,0.07,0.5100445,3.591375,0.29230753,-0.0044337474,18.755991,-3.1334462,20.858698,-5.6220245
2,80,7,0.260959,0.07,0.5100445,3.1948977,0.28473774,-0.00861377,18.101334,-2.6467156,20.709158,-5.482889
3,1,9,0.19979607,0.049,0.5376217,0.21971197,0.40987748,0.06496828,15.185657,0.6799198,19.495321,-0.7319447
3,2,9,0.20337023,0.049,0.5376217,0.4186657,0.41260192,0.078175746,15.285418,1.2766176,19.513496,-0.54955995
3,3,9,0.21426772,0.049,0.5376217,0.22288631,0.4315553,0.08768473,15.647739,0.8898047,19.315691,-0.52620846
3,4,9,0.19676188,0.049,0.5376217,0.7380237,0.39702797,0.064414375,15.036316,1.7381707,19.03206,-0.9076331
3,5,9,0.22177637,0.049,0.56699383,3.2473466,0.4656032,0.13258561,16.180708,5.057731,19.748117,2.4188235
3,6,9,0.2240203,0.049,0.56699383,2.8857784,0.47087285,0.12773114,16.325201,4.623171,19.958836,2.4039335
3,7,9,0.21604478,0.049,0.56699383,3.6633165,0.4443385,0.10994963,15.916656,5.5619736,19.593832,2.293115
3,8,9,0.2257058,0.049,0.56699383,3.3255577,0.4727582,0.1326454,16.077276,5.191975,19.46745,2.4816327
3,9,9,0.21643843,0.049,0.59529006,2.4603636,0.5038827,0.1397581,15.711524,4.158805,19.094585,3.792837
3,10,9,0.21378157,0.049,0.59529006,3.3515933,0.48120135,0.13246971,15.45113,5.263551,18.734745,3.7749095
3,11,9,0.22128525,0.049,0.59529006,2.7299051,0.5150138,0.15437035,15.515348,4.3965945,19.119469,4.3110685
3,12,9,0.2087341,0.049,0.59529006,2.7987804,0.48660278,0.1314935,15.125256,4.4952755,18.642057,3.8557918
3,13,9,0.20181203,0.049,0.61870205,1.089367,0.5023256,0.116741344,14.637716,-0.2959342,19.008858,4.1871448
3,14,9,0.21988893,0.049,0.61870205,1.4979984,0.5299953,0.12908356,15.346448,-0.8096024,19.371353,4.425096
3,15,9,0.1992971,0.049,0.61870205,1.0074419,0.49186647,0.101671316,14.591183,-0.187875,19.037226,4.103544
3,16,9,0.20706311,0.049,0.61870205,0.9182399,0.50627315,0.120308354,14.821611,0.0022578384,19.701332,4.3468237
3,17,9,0.20988871,0.049,0.63413835,1.8807606,0.449938,0.04857344,15.04596,-1.4464291,18.7135,0.64676964
3,18,9,0.18874173,0.049,0.63413835,1.2059424,0.4269544,0.02800666,14.162448,-0.6963769,18.380669,0.42278236
3,19,9,0.1977444,0.049,0.63413835,1.5965575,0.4381096,0.047954522,14.47213,-1.1686634,18.881092,0.81080997
3,20,9,0.19876015,0.049,0.63413835,1.745304,0.43855348,0.044561192,14.4631605,-1.3915153,18.949192,0.63895255
3,21,9,0.19131438,0.049,0.6476266,1.5840261,0.37549105,-0.021591095,14.29026,2.8153107,18.862686,-3.012522
3,22,9,0.20590705,0.049,0.6476266,1.1034317,0.395489,-0.004504705,14.9349,2.2423599,19.37163,-2.600132
3,23,9,0.20052186,0.049,0.6476266,1.2305442,0.37416366,-0.020194164,14.892272,2.519598,19.31673,-3.1435127
3,24,9,0.20110446,0.049,0.6476266,1.5260774,0.38067183,-0.016285203,14.888055,2.8546646,19.321568,-2.8068066
3,25,9,0.21250767,0.049,0.6662759,0.54870147,0.37852004,-0.020631304,15.162176,1.3323812,20.04734,-4.383724
3,26,9,0.19217059,0.049,0.6662759,0.91522706,0.35971633,-0.039355412,14.273621,1.8723183,19.643198,-4.782046
3,27,9,0.20083636,0.049,0.6662759,0.9838912,0.36971405,-0.026057702,14.572521,1.9553986,19.889383,-4.421713
3,28,9,0.21137232,0.049,0.6662759,0.6656567,0.3773378,-0.022569155,15.022317,1.4804684,20.12504,-4.371429
3,29,9,0.19660133,0.049,0.69157124,1.5333192,0.40995815,0.015852958,14.338806,-1.1391438,19.803873,-2.1294427
3,30,9,0.21040247,0.049,0.69157124,1.7788882,0.43271166,0.029635308,14.901294,-1.432509,19.881506,-1.7836257
3,31,9,0.21190353,0.049,0.69157124,2.075417,0.42852527,0.028169662,15.00889,-1.7689435,19.706884,-1.9596831
3,32,9,0.19578329,0.049,0.69157124,1.3637127,0.41155937,0.017441534,14.326412,-0.9015685,19.664732,-2.0148482
3,33,9,0.20583716,0.049,0.71504635,0.7312277,0.51484203,0.10591033,14.658183,-0.06045794,19.986546,1.6789261
3,34,9,0.20118822,0.049,0.71504635,0.7858338,0.50601953,0.0964723,14.470892,-0.14969844,19.897308,1.344837
3,35,9,0.19815552,0.049,0.71504635,0.42496863,0.50452334,0.09651667,14.311323,0.33688447,20.003862,1.4580737
3,36,9,0.20915166,0.049,0.71504635,1.0351422,0.51567453,0.10881408,14.706319,-0.5097323,20.23503,1.7907792
3,37,9,0.20088425,0.049,0.7368289,2.532324,0.55766267,0.12314029,14.494937,3.9850323,19.977173,3.0029633
3,38,9,0.21359263,0.049,0.7368289,2.74386,0.5594399,0.13260683,15.04962,4.3025126,20.378014,3.1805632
3,39,9,0.22440332,0.049,0.7368289,2.364953,0.5779587,0.14273936,15.513156,3.8888416,20.9066,3.2176425
3,40,9,0.21259132,0.049,0.7368289,2.8789258,0.5519194,0.12440086,15.126954,4.542406,20.962969,2.936572
3,41,9,0.2175139,0.049,0.75973874,2.4642434,0.5823236,0.13256411,15.337256,4.0204043,20.858465,3.2157362
3,42,9,0.22346157,0.049,0.75973874,2.1177108,0.5939985,0.13565548,15.564955,3.590509,20.917496,3.1363707
3,43,9,0.21145907,0.049,0.75973874,2.5571153,0.57612586,0.12018673,14.947614,4.0233655,21.15558,3.2669194
3,44,9,0.21674371,0.049,0.75973874,1.9899286,0.59344,0.13535026,14.997391,3.262069,21.676243,3.6611342
3,45,9,0.21084027,0.049,0.7833677,1.9413372,0.5801706,0.08789029,14.582678,-1.7640746,21.786594,2.290139
3,46,9,0.20140219,0.049,0.7833677,1.4191579,0.57384765,0.08323238,14.148102,-1.139633,21.844393,2.5680618
3,47,9,0.2157466,0.049,0.7833677,1.7716061,0.590136,0.098947,14.756773,-1.5540562,21.76667,2.7077487
3,48,9,0.20403948,0.049,0.7833677,1.5173414,0.5820443,0.08355839,14.405962,-1.2128342,20.562674,2.049087
3,49,9,0.20346548,0.049,0.8022165,1.2921424,0.5397502,0.03457056,14.499518,-0.94012666,20.123299,-0.48704743
3,50,9,0.21953046,0.049,0.8022165,1.7839347,0.5449043,0.04206401,15.219777,-1.5059272,20.343605,-0.57933617
3,51,9,0.20981154,0.049,0.8022165,1.406161,0.5272887,0.025603112,14.778935,-1.0593119,20.464943,-0.8291862
3,52,9,0.21479702,0.049,0.8022165,1.6019428,0.5377201,0.037267648,14.8905115,-1.3283516,20.901152,-0.53358907
3,53,9,0.21734203,0.049,0.81747746,1.3978916,0.5161394,0.00015647002,15.01588,2.4910626,21.309483,-2.3271224
3,54,9,0.21176238,0.049,0.81747746,2.0125403,0.494398,-0.016037874,14.751428,3.2187507,21.202936,-2.566202
3,55,9,0.22411808,0.049,0.81747746,1.7050271,0.5102404,0.00037053617,15.293704,2.894946,21.068321,-2.3837523
3,56,9,0.21724626,0.049,0.81747746,1.7008369,0.5063484,-0.0049786232,14.924958,2.8307476,21.343676,-2.3153486
3,57,9,0.20543103,0.049,0.834692,1.8476111,0.4909447,-0.05027168,14.328457,2.9228737,21.739805,-2.7123978
3,58,9,0.21711496,0.049,0.834692,1.3967959,0.5056136,-0.030047003,14.727662,2.3605008,22.332876,-2.3135583
3,59,9,0.21253452,0.049,0.834692,1.3765832,0.49933246,-0.044320453,14.479061,2.3264892,22.672209,-2.4494305
3,60,9,0.20866427,0.049,0.834692,1.4591951,0.4928773,-0.044616748,14.475916,2.451452,21.867197,-2.4169185
3,61,9,0.21981905,0.049,0.8519907,2.456467,0.5245952,-0.04525401,14.951273,-2.5693276,21.33905,-1.6278554
3,62,9,0.20577365,0.049,0.8519907,2.1127923,0.51873565,-0.0673891,14.398805,-2.1539762,21.226093,-1.9353853
3,63,9,0.21416591,0.049,0.8519907,1.9903463,0.5148231,-0.055982657,14.833885,-1.8869201,21.34812,-1.8651596
3,64,9,0.23137863,0.049,0.8519907,2.2019124,0.5245962,-0.05305979,15.60214,-2.046223,21.45624,-1.9624276
3,65,9,0.21443874,0.049,0.863712,1.4310062,0.5318298,-0.059445765,14.843084,-1.1920413,21.385744,-0.38306344
3,66,9,0.22131877,0.049,0.863712,1.6927761,0.53949136,-0.04469427,15.156591,-1.4831358,20.786673,-0.45054734
3,67,9,0.21889225,0.049,0.863712,1.8640399,0.54276955,-0.045849323,15.126044,-1.7157158,20.19027,-0.63711685
3,68,9,0.20510115,0.049,0.863712,1.3841261,0.5273615,-0.060383644,14.470918,-1.2222729,20.312582,-0.62193394
3,69,9,0.21152113,0.049,0.8713986,1.8214304,0.5489342,-0.018408708,14.693041,2.8774688,20.938877,1.5394068
3,70,9,0.20579857,0.049,0.8713986,1.92896,0.5463807,-0.026636364,14.436306,3.0119998,21.298967,1.50532
3,71,9,0.2101374,0.049,0.8713986,2.2278094,0.5352273,-0.032247327,14.661937,3.4334352,21.79099,1.6963421
3,72,9,0.2255141,0.049,0.8713986,1.7613164,0.5521311,-0.01519574,15.256702,2.8455467,22.494652,2.0896413
3,73,9,0.2161844,0.049,0.8810167,1.8042204,0.5293881,-0.039906234,14.8675995,2.9238474,22.340157,2.199344
3,74,9,0.21393868,0.049,0.8810167,1.8184909,0.52393186,-0.034735102,14.701571,2.9160094,22.11488,2.3445396
3,75,9,0.21945089,0.049,0.8810167,1.2873548,0.545048,-0.022960065,14.849527,2.223094,22.49897,2.6302207
3,76,9,0.21159592,0.049,0.8810167,1.6482949,0.52806085,-0.042138737,14.5939045,2.6525724,22.243256,2.3154762
3,77,9,0.21848127,0.049,0.89162356,1.9960251,0.48530552,-0.06708556,14.968521,-1.9812474,21.649343,0.81463253
3,78,9,0.21751174,0.049,0.89162356,2.340306,0.4966477,-0.061834056,15.112012,-2.2891164,20.841305,0.49424326
3,79,9,0.19851696,0.049,0.89162356,1.7849739,0.48415476,-0.07808739,14.379422,-1.6632776,19.88038,0.11844365
3,80,9,0.21229616,0.049,0.89162356,2.2698011,0.48868033,-0.062415216,14.958317,-2.265579,20.364765,0.5058199
4,1,11,0.20141202,0.0343,0.8989417,4.3495045,0.5312212,-0.111482956,14.583645,-4.6719255,20.700008,-1.3055693
4,2,11,0.19812736,0.0343,0.8989417,3.9734576,0.5181317,-0.106476136,14.497014,-4.1979575,20.714523,-1.3357798
4,3,11,0.22193512,0.0343,0.8989417,4.4379554,0.5391971,-0.09147172,15.454936,-4.7023344,20.859255,-1.2450887
4,4,11,0.2162872,0.0343,0.8989417,4.1437373,0.52648336,-0.10416303,15.272169,-4.3037744,20.646914,-1.6674838
4,5,11,0.18314031,0.0343,0.9023699,1.06151,0.47201827,-0.10463184,13.935096,-0.34888527,20.69292,-2.7046785
4,6,11,0.19526774,0.0343,0.9023699,1.3819318,0.49429026,-0.08489634,14.3462105,-0.7999138,20.778698,-2.2246385
4,7,11,0.19908404,0.0343,0.9023699,1.5317076,0.4889786,-0.08835115,14.6870575,-0.9546999,20.230112,-2.3514993
4,8,11,0.18563052,0.0343,0.9023699,1.1481538,0.4756072,-0.10636646,14.277256,-0.42656916,19.793104,-2.4661226
4,9,11,0.19889735,0.0343,0.9075279,3.081692,0.47586223,-0.028180137,15.16241,5.0747933,19.60073,-2.0834825
4,10,11,0.19959207,0.0343,0.9075279,2.808221,0.47138458,-0.026736138,15.167004,4.704984,19.389757,-2.1914515
4,11,11,0.18854223,0.0343,0.9075279,3.2762444,0.45552438,-0.044949595,14.670296,5.2521024,19.178776,-2.3652527
4,12,11,0.18827608,0.0343,0.9075279,3.510779,0.45987168,-0.03606281,14.56704,5.5159507,19.33971,-2.222947
4,13,11,0.21133775,0.0343,0.91601425,4.8632035,0.4834577,0.031811744,15.646321,7.3178706,19.271439,-1.8935026
4,14,11,0.20150115,0.0343,0.91601425,5.0966706,0.46148586,0.014522331,15.307831,7.5787983,18.5441,-2.2317965
4,15,11,0.19719738,0.0343,0.91601425,5.510284,0.4605512,0.016397553,15.125601,8.058488,18.160238,-2.188996
4,16,11,0.19569795,0.0343,0.91601425,5.162308,0.47315267,0.032042157,15.092957,7.596418,17.796926,-2.0071406
4,17,11,0.18087171,0.0343,0.9256007,4.266393,0.49212974,0.06408557,14.510603,6.430664,17.270575,-2.0811458
4,18,11,0.18042552,0.0343,0.9256007,4.6435804,0.47982195,0.056372546,14.510057,6.8940997,17.03416,-2.0081887
4,19,11,0.18145965,0.0343,0.9256007,4.419406,0.49823186,0.07190572,14.49935,6.568353,16.778727,-1.6395428
4,20,11,0.17945614,0.0343,0.9256007,4.306164,0.4953369,0.0654778,14.376036,6.375235,16.361935,-1.7049423
4,21,11,0.14789714,0.0343,0.93561375,1.8407375,0.51621723,0.086025335,12.742406,3.0593176,16.007116,-1.2781672
4,22,11,0.15053971,0.0343,0.93561375,1.720082,0.5308513,0.09893785,12.821031,2.88131,16.100084,-0.9870243
4,23,11,0.15599084,0.0343,0.93561375,1.4150622,0.5324051,0.09952487,13.073075,2.446628,15.731193,-0.95818275
4,24,11,0.14193287,0.0343,0.93561375,1.6667619,0.5189516,0.08817946,12.426501,2.7277074,15.211658,-1.0752397
4,25,11,0.14825107,0.0343,0.9467903,2.8969347,0.5653772,0.1163182,12.64293,-3.212416,15.155873,-0.33565605
4,26,11,0.16564672,0.0343,0.9467903,3.2431102,0.57932764,0.1251309,13.525653,-3.5602045,15.221708,-0.29968354
4,27,11,0.16052872,0.0343,0.9467903,3.1241264,0.56286323,0.114662535,13.374486,-3.3891146,14.884275,-0.5498012
4,28,11,0.15281004,0.0343,0.9467903,2.6130297,0.55911696,0.110171475,13.012609,-2.748151,15.017527,-0.52998245
4,29,11,0.1904664,0.0343,0.9563115,4.995875,0.61637473,0.14852783,14.58171,-5.83792,15.256574,0.20263934
4,30,11,0.19178341,0.0343,0.9563115,4.971475,0.60411304,0.14005706,14.744812,-5.7678814,15.19566,-0.11753414
4,31,11,0.17313989,0.0343,0.9563115,4.292146,0.5931389,0.13362303,14.079961,-4.885256,15.267006,-0.006357212
4,32,11,0.18529606,0.0343,0.9563115,4.660891,0.6064236,0.1474312,14.497998,-5.3966503,15.361931,0.16094539
4,33,11,0.19392164,0.0343,0.963925,4.599437,0.6496753,0.17512159,14.810795,-5.23528,15.240912,0.68311685
4,34,11,0.17340223,0.0343,0.963925,4.1268206,0.6300962,0.16475843,13.936149,-4.772678,14.75158,0.73509353
4,35,11,0.17699364,0.0343,0.963925,3.9966278,0.64026904,0.17562862,14.129205,-4.5086246,15.322864,0.7503536
4,36,11,0.19590998,0.0343,0.963925,4.4583087,0.6496141,0.17935807,14.953629,-4.9728227,15.757726,0.4842833
4,37,11,0.1567396,0.0343,0.9697893,1.6481987,0.6729084,0.19994755,13.259613,-1.3703312,15.169892,0.6149528
4,38,11,0.15189135,0.0343,0.9697893,1.363143,0.66874987,0.2025266,13.233793,-0.9380194,15.760755,0.46657154
4,39,11,0.1647524,0.0343,0.9697893,1.7022084,0.69202954,0.21612981,13.776589,-1.3364444,16.280186,0.5729694
4,40,11,0.15947588,0.0343,0.9697893,1.730847,0.67792976,0.2067729,13.453759,-1.4444039,15.773973,0.49827513
4,41,11,0.15767084,0.0343,0.97289085,3.3912802,0.6756833,0.2122854,13.507957,5.109117,15.7367935,0.57530844
4,42,11,0.16384871,0.0343,0.97289085,3.1641886,0.69255644,0.22631118,13.763834,4.8521986,15.940599,0.81074095
4,43,11,0.16716,0.0343,0.97289085,3.001384,0.6906591,0.22330526,13.881745,4.654815,15.670865,0.5379725
4,44,11,0.16302167,0.0343,0.97289085,3.5106332,0.663687,0.20969437,13.582076,5.225671,15.712295,0.28653094
4,45,11,0.19253263,0.0343,0.9757551,5.419427,0.6765109,0.21563694,14.889619,7.6939635,15.71816,0.2132738
4,46,11,0.19635043,0.0343,0.9757551,5.0680656,0.6921503,0.21632503,15.042466,7.281648,15.7788105,0.21969296
4,47,11,0.18454888,0.0343,0.9757551,5.4375334,0.66709816,0.19985883,14.533383,7.7353415,15.601055,-0.16907385
4,48,11,0.1839657,0.0343,0.9757551,5.563063,0.66882426,0.2076493,14.463206,7.8880973,15.756467,-0.01918261
4,49,11,0.17872804,0.0343,0.9791025,4.593864,0.682388,0.19017635,14.225926,6.6550484,15.9215355,-0.03038626
4,50,11,0.17703682,0.0343,0.9791025,4.802832,0.6695017,0.17656946,14.221748,6.9510374,15.972223,-0.30472696
4,51,11,0.17494643,0.0343,0.9791025,5.298234,0.65502095,0.17664818,14.117602,7.529727,15.910212,-0.04704778
4,52,11,0.17513123,0.0343,0.9791025,4.780554,0.687623,0.19484575,13.993119,6.848675,16.464867,0.42500383
4,53,11,0.15243101,0.0343,0.983855,1.8281999,0.6832612,0.15552941,12.9126425,3.0306206,16.615768,-0.17494957
4,54,11,0.15361044,0.0343,0.983855,2.3497784,0.65697813,0.14265306,13.198236,3.803417,16.988522,-0.42029178
4,55,11,0.16649002,0.0343,0.983855,2.2551446,0.670257,0.16107781,13.768593,3.7572045,17.678646,-0.3073453
4,56,11,0.1739901,0.0343,0.983855,2.1531372,0.6793453,0.15953164,14.096891,3.6833599,17.714615,-0.6593596
4,57,11,0.15651537,0.0343,0.99120015,2.0623195,0.6745027,0.10523682,13.082999,-1.9193604,17.403732,-0.89837295
4,58,11,0.15751532,0.0343,0.99120015,2.0117738,0.6780922,0.12206104,13.05149,-1.9047685,17.523678,-0.6313136
4,59,11,0.16601668,0.0343,0.99120015,2.5769298,0.7098305,0.13428763,13.316781,-2.622711,17.399252,-0.5269275
4,60,11,0.15731977,0.0343,0.99120015,2.2653112,0.67689633,0.11155139,12.956463,-2.1836534,17.300352,-1.1544985
4,61,11,0.17006594,0.0343,0.9982182,3.8244252,0.69739765,0.100757524,13.489554,-4.2248406,18.044056,-0.8768987
4,62,11,0.18798397,0.0343,0.9982182,4.3444853,0.7118721,0.11503611,14.286409,-4.8407764,18.642204,-0.7693973
4,63,11,0.18874949,0.0343,0.9982182,4.437967,0.71619266,0.10394379,14.305803,-4.929625,18.660873,-0.9303148
4,64,11,0.17660102,0.0343,0.9982182,3.8283842,0.69371027,0.09868828,13.712824,-4.2616267,18.730194,-0.83123314
4,65,11,0.18403444,0.0343,1.0036136,3.617727,0.7385822,0.11280622,13.953341,-3.9588525,18.822498,-0.22655988
4,66,11,0.18795098,0.0343,1.0036136,3.7879508,0.74876213,0.10420024,14.047962,-4.1969514,19.013037,-0.35642266
4,67,11,0.17199388,0.0343,1.0036136,3.2992468,0.7205754,0.083590314,13.276299,-3.643026,19.028074,-0.373779
4,68,11,0.18019512,0.0343,1.0036136,3.3475358,0.7240086,0.0969705,13.601695,-3.698161,18.963478,-0.42022845
4,69,11,0.1778642,0.0343,1.0073181,1.0304672,0.76606417,0.102144375,13.450223,-0.58903825,19.271616,-0.27638832
4,70,11,0.1590712,0.0343,1.0073181,0.7824643,0.75171447,0.08025372,12.67954,-0.28038642,18.375366,-0.66957325
4,71,11,0.15574512,0.0343,1.0073181,0.67579854,0.75346905,0.0948908,12.490621,-0.13974339,18.23318,-0.4084491
4,72,11,0.16967869,0.0343,1.0073181,1.0719138,0.7828624,0.114016525,12.967421,-0.7324861,18.878288,0.11853274
4,73,11,0.17878072,0.0343,1.0099174,3.5082176,0.73548555,0.06768029,13.580159,5.168024,19.112415,-0.15492295
4,74,11,0.17073072,0.0343,1.0099174,3.790623,0.72723204,0.06466595,13.218505,5.517401,19.05475,-0.084730975
4,75,11,0.17991975,0.0343,1.0099174,3.5123374,0.75255215,0.09210192,13.481753,5.156866,19.337067,0.1593611
4,76,11,0.17905532,0.0343,1.0099174,3.455704,0.75006706,0.07504181,13.41432,5.072399,19.21621,-0.17591396
4,77,11,0.19259524,0.0343,1.0143021,5.6228714,0.69914037,0.03147238,14.148806,7.873032,18.895613,-0.80134195
4,78,11,0.19486552,0.0343,1.0143021,5.3977976,0.7157303,0.052260738,14.21213,7.58057,18.81887,-0.5983981
4,79,11,0.19597788,0.0343,1.0143021,5.0988164,0.72101295,0.04675742,14.221015,7.146905,18.816587,-0.59425074
4,80,11,0.18977237,0.0343,1.0143021,5.4353,0.6921362,0.022819933,13.918114,7.523065,18.979555,-0.60733277
5,1,13,0.16465595,0.024009999,1.0198951,2.0137236,0.7923849,-0.039344266,13.007492,3.4187863,19.734398,0.30563417
5,2,13,0.15567088,0.024009999,1.0198951,2.4254155,0.7745435,-0.0406832,12.504998,3.8700795,19.647095,0.30362847
5,3,13,0.16196537,0.024009999,1.0198951,2.238823,0.7918157,-0.015707055,12.80261,3.6525738,19.682165,0.7467642
5,4,13,0.1713934,0.024009999,1.0198951,2.1637685,0.8025101,-0.012063768,13.367525,3.6022866,19.528511,0.6715983
5,5,13,0.16363496,0.024009999,1.0247179,0.39775,0.7356485,-0.07960985,13.208186,1.4112296,19.5379,-1.3155823
5,6,13,0.16039026,0.024009999,1.0247179,0.73982704,0.7241099,-0.08973289,13.017581,1.868894,19.994184,-1.5064973
5,7,13,0.17174023,0.024009999,1.0247179,0.6713743,0.74561685,-0.059930068,13.412955,1.7878977,20.251757,-0.90853065
5,8,13,0.17941993,0.024009999,1.0247179,0.52122563,0.7540501,-0.05201361,13.946008,1.6736771,20.631163,-0.8674853
5,9,13,0.17899522,0.024009999,1.030017,2.0661368,0.66303027,-0.101677544,13.828097,-1.6064262,20.555414,-2.9841843
5,10,13,0.17461842,0.024009999,1.030017,1.7026421,0.6569127,-0.11289002,13.704733,-1.1643403,20.419325,-3.0220954
5,11,13,0.18787685,0.024009999,1.030017,1.969913,0.6589919,-0.08832105,14.388177,-1.4152654,20.803547,-2.9881763
5,12,13,0.20324212,0.024009999,1.030017,2.2925758,0.67212516,-0.08802006,15.045673,-1.7370447,20.966736,-3.0680833
5,13,13,0.20417564,0.024009999,1.034228,2.9488075,0.6056415,-0.08854684,15.1916065,-2.5838857,20.787504,-4.238703
5,14,13,0.19025058,0.024009999,1.034228,2.512563,0.5914631,-0.09848545,14.628368,-2.0546772,20.828001,-4.3620696
5,15,13,0.19615155,0.024009999,1.034228,2.6579227,0.6102916,-0.083487585,14.78411,-2.296968,21.134554,-4.1001916
5,16,13,0.20994955,0.024009999,1.034228,2.94817,0.61036897,-0.07807974,15.468306,-2.6110914,21.30076,-4.0458655
5,17,13,0.20029663,0.024009999,1.0383531,1.9072363,0.5781565,-0.044555712,15.225069,-1.2250118,21.283556,-4.0022554
5,18,13,0.19240437,0.024009999,1.0383531,1.6095394,0.5681283,-0.04656466,14.912017,-0.87637544,21.43304,-4.048921
5,19,13,0.20090047,0.024009999,1.0383531,1.6804911,0.57792825,-0.033517327,15.381805,-0.90813947,21.459917,-3.848088
5,20,13,0.21317363,0.024009999,1.0383531,1.8855848,0.59681994,-0.030343855,15.925084,-1.1478803,21.386005,-4.0261393
5,21,13,0.1997227,0.024009999,1.0428327,0.67171234,0.6038672,0.044445634,15.63704,2.0933883,21.061071,-3.269235
5,22,13,0.19452193,0.024009999,1.0428327,0.91147363,0.5962298,0.04260732,15.44225,2.41993,21.326618,-3.1497579
5,23,13,0.20981883,0.024009999,1.0428327,0.72753257,0.6033301,0.05219447,16.049255,2.2218146,21.73167,-2.9531817
5,24,13,0.21674722,0.024009999,1.0428327,0.5897704,0.6067465,0.053766936,16.421558,2.0862172,21.817032,-2.7262967
5,25,13,0.21296561,0.024009999,1.0486897,1.8920941,0.68035746,0.14086623,16.323576,3.692572,21.69419,-0.6340825
5,26,13,0.20662162,0.024009999,1.0486897,2.1186209,0.67549753,0.13777208,16.12141,4.0170407,21.836119,-0.43697503
5,27,13,0.21309322,0.024009999,1.0486897,1.868614,0.6845979,0.14951135,16.366753,3.7110038,22.058834,-0.18725277
5,28,13,0.22367017,0.024009999,1.0486897,1.7610172,0.68489707,0.15048154,16.760834,3.4693995,22.136194,-0.14903553
5,29,13,0.21332276,0.024009999,1.0556016,1.4314041,0.75261694,0.20709012,16.263388,3.047596,21.944784,0.9047041
5,30,13,0.20702705,0.024009999,1.0556016,1.7603958,0.74345297,0.203547,16.012274,3.4623463,21.912722,0.9370114
5,31,13,0.21678175,0.024009999,1.0556016,1.5875844,0.7589976,0.2151826,16.323368,3.2467053,22.222193,1.2442473
5,32,13,0.22668399,0.024009999,1.0556016,1.3545593,0.76134783,0.21461542,16.773932,2.9864361,22.323153,1.2649441
5,33,13,0.21786305,0.024009999,1.0618304,0.6442434,0.79856205,0.23454718,16.230646,0.47403586,22.088242,1.116923
5,34,13,0.20888808,0.024009999,1.0618304,0.44038892,0.80081314,0.23656976,15.845965,0.7265927,21.993877,1.1781669
5,35,13,0.2168239,0.024009999,1.0618304,0.63776934,0.8130683,0.24718218,15.991717,0.45262253,22.268425,1.3721228
5,36,13,0.22636585,0.024009999,1.0618304,0.82197183,0.8161768,0.24323542,16.413456,0.267926,22.47903,1.541306
5,37,13,0.21940513,0.024009999,1.0654198,1.7119575,0.77149695,0.21053798,16.131775,-1.0003194,22.214836,-0.4226139
5,38,13,0.20684996,0.024009999,1.0654198,1.4669236,0.76620483,0.20943123,15.572628,-0.7323257,22.118149,-0.33991712
5,39,13,0.2120688,0.024009999,1.0654198,1.6129957,0.7869133,0.22350027,15.7598,-0.904994,22.158382,0.03538991
5,40,13,0.21924445,0.024009999,1.0654198,1.9654875,0.7922698,0.22464833,15.96403,-1.3696375,21.77322,-0.11079545
5,41,13,0.20553593,0.024009999,1.0687816,1.2782081,0.74017143,0.18441722,15.525478,-0.5055792,21.300375,-2.291991
5,42,13,0.19191301,0.024009999,1.0687816,0.87814695,0.7334017,0.183993,14.905515,-0.05562815,21.16321,-2.4296021
5,43,13,0.19885199,0.024009999,1.0687816,0.9657012,0.74085987,0.19206122,15.131072,-0.16777085,21.143234,-2.3164952
5,44,13,0.20433882,0.024009999,1.0687816,1.1696825,0.7452058,0.19056424,15.38811,-0.38505062,21.130997,-2.437522
5,45,13,0.20112889,0.024009999,1.0725082,0.98747075,0.6940769,0.1587395,15.242227,2.3424568,21.35274,-3.5779316
5,46,13,0.19190782,0.024009999,1.0725082,1.3603302,0.6879802,0.15821283,14.720222,2.769025,21.331816,-3.2727838
5,47,13,0.19302276,0.024009999,1.0725082,1.2337639,0.7031183,0.16976921,14.767957,2.576894,21.15424,-2.8290486
5,48,13,0.19507262,0.024009999,1.0725082,1.0892205,0.70366275,0.16828844,14.912541,2.3557806,20.709759,-3.0214424
5,49,13,0.1822235,0.024009999,1.0779438,1.7011114,0.6687728,0.13796282,14.37908,3.1192546,20.108692,-2.994064
5,50,13,0.1720787,0.024009999,1.0779438,1.993402,0.6658605,0.13644587,13.829693,3.4434593,19.92424,-2.9979699
5,51,13,0.1756662,0.024009999,1.0779438,1.7131454,0.67399275,0.14791363,13.887974,3.0508668,19.732634,-2.7973297
5,52,13,0.18040912,0.024009999,1.0779438,1.4031755,0.6881825,0.14877117,14.026954,2.6188016,19.450434,-2.8250132
5,53,13,0.17032467,0.024009999,1.0848075,0.34671947,0.65910465,0.120284356,13.564494,1.1644936,19.024141,-2.300297
5,54,13,0.1615056,0.024009999,1.0848075,0.7416118,0.65470415,0.11862483,13.185503,1.6927962,18.667747,-2.2234192
5,55,13,0.16376173,0.024009999,1.0848075,0.63378567,0.67180973,0.13112256,13.243624,1.5201402,18.302809,-2.1768034
5,56,13,0.16878155,0.024009999,1.0848075,0.35061243,0.67385244,0.13038991,13.564367,1.155425,17.876328,-2.2105005
5,57,13,0.160366,0.024009999,1.0936344,1.1138928,0.6534288,0.106257044,13.166357,-0.7233014,17.20758,-0.58615744
5,58,13,0.15770441,0.024009999,1.0936344,0.9728115,0.6478956,0.106131315,13.091429,-0.5527843,16.964693,-0.65568495
5,59,13,0.15975153,0.024009999,1.0936344,1.0591365,0.6626947,0.12049728,13.180031,-0.6921035,16.708616,-0.32446998
5,60,13,0.16025527,0.024009999,1.0936344,1.2548658,0.6705902,0.11824446,13.234534,-0.9786056,16.302141,-0.32135025
5,61,13,0.1520005,0.024009999,1.10336,1.1174222,0.66854846,0.11872667,12.899088,-0.8078798,15.976265,0.85578287
5,62,13,0.14041974,0.024009999,1.10336,0.733513,0.6657247,0.11899922,12.340804,-0.34986547,15.7964525,1.0555673
5,63,13,0.14851713,0.024009999,1.10336,1.1154059,0.6723909,0.1290942,12.669023,-0.89355546,15.65661,1.0366186
5,64,13,0.15617733,0.024009999,1.10336,1.3722181,0.68249714,0.12913449,13.094194,-1.2349039,15.38173,1.0879991
5,65,13,0.14514579,0.024009999,1.1130797,0.46996605,0.65332836,0.11175038,12.74199,1.0578259,14.683981,1.161225
5,66,13,0.1435889,0.024009999,1.1130797,0.6922961,0.64926934,0.108558096,12.720588,1.3856994,14.677137,0.967312
5,67,13,0.14867726,0.024009999,1.1130797,0.64169055,0.64523804,0.11969439,12.923141,1.2909787,14.739791,1.0422486
5,68,13,0.15043652,0.024009999,1.1130797,0.45466343,0.65677524,0.11771519,13.057258,1.028382,14.466353,1.082749
5,69,13,0.14251265,0.024009999,1.1240171,1.1037453,0.60436094,0.07025608,12.72681,1.9193262,14.079786,0.14644507
5,70,13,0.13611746,0.024009999,1.1240171,1.4870594,0.6048814,0.070505336,12.348231,2.3553133,13.945377,0.47390717
5,71,13,0.14106914,0.024009999,1.1240171,1.218088,0.61662596,0.08064372,12.486388,1.9759132,14.253368,0.5297286
5,72,13,0.1508785,0.024009999,1.1240171,0.80579644,0.62558174,0.0816456,12.986747,1.509968,14.490375,0.40009347
5,73,13,0.14209601,0.024009999,1.1358829,0.13863486,0.5796442,0.021898067,12.695755,0.6182367,14.422745,-0.84352636
5,74,13,0.14120688,0.024009999,1.1358829,0.5098358,0.57295763,0.02032885,12.737118,1.2394403,14.626878,-0.8702818
5,75,13,0.14848581,0.024009999,1.1358829,0.30794388,0.5790088,0.030721944,12.955759,0.9307742,14.7656355,-0.78474873
5,76,13,0.15586324,0.024009999,1.1358829,0.17210133,0.59512174,0.034043457,13.267464,0.5050435,14.557384,-0.77561486
5,77,13,0.1404732,0.024009999,1.1475143,1.0576286,0.5770863,-0.015549737,12.439391,-0.8403456,14.046413,-1.48164
5,78,13,0.12718064,0.024009999,1.1475143,0.63677496,0.5690724,-0.016558152,11.73496,-0.35132068,14.139737,-1.4987861
5,79,13,0.13488816,0.024009999,1.1475143,0.823957,0.58419025,-0.0024148575,12.081697,-0.6131852,14.660784,-1.224202
5,80,13,0.15212856,0.024009999,1.1475143,1.2396154,0.5891162,-0.0016549524,12.936804,-1.0770533,14.952267,-1.4224087
